Location_ID,Latitude,Longitude,LatLong
1,-32.16689969,150.8919751,"-32.16689969,150.8919751"
2,-32.16688641,150.8919573,"-32.16688641,150.8919573"
3,-32.9337056,151.7204518,"-32.9337056,151.7204518"
4,-32.93341396,151.7203632,"-32.93341396,151.7203632"
5,-32.93340162,151.7203474,"-32.93340162,151.7203474"
6,-32.93382729,151.7202364,"-32.93382729,151.7202364"
7,-34.56340933,150.79939,"-34.56340933,150.79939"
8,-34.56350712,150.7991893,"-34.56350712,150.7991893"
9,-34.56293995,150.798574,"-34.56293995,150.798574"
10,-34.56278202,150.7984185,"-34.56278202,150.7984185"
11,-33.96996874,151.1149448,"-33.96996874,151.1149448"
12,-33.969537269999996,151.1146945,"-33.969537269999996,151.1146945"
13,-33.96949011,151.1145667,"-33.96949011,151.1145667"
14,-33.96987782,151.1144352,"-33.96987782,151.1144352"
15,-33.96988689,151.1142405,"-33.96988689,151.1142405"
16,-33.9020453,151.1381593,"-33.9020453,151.1381593"
17,-33.9020497,151.1380434,"-33.9020497,151.1380434"
18,-33.93692447,151.1474278,"-33.93692447,151.1474278"
19,-33.93696302,151.1474227,"-33.93696302,151.1474227"
20,-33.93677457,151.1468602,"-33.93677457,151.1468602"
21,-33.93671781,151.1468509,"-33.93671781,151.1468509"
22,-33.80823377,151.1847419,"-33.80823377,151.1847419"
23,-33.80875941,151.1847201,"-33.80875941,151.1847201"
24,-33.80854065,151.1844285,"-33.80854065,151.1844285"
25,-33.88744211,151.1259581,"-33.88744211,151.1259581"
26,-33.88739665,151.1258025,"-33.88739665,151.1258025"
27,-33.88789161,151.1257974,"-33.88789161,151.1257974"
28,-33.887775,151.1255397,"-33.887775,151.1255397"
29,-33.68869132,151.1082656,"-33.68869132,151.1082656"
30,-33.68848916,151.1079991,"-33.68848916,151.1079991"
31,-33.8492876,151.0332914,"-33.8492876,151.0332914"
32,-33.849663,151.0329192,"-33.849663,151.0329192"
33,-33.84946375,151.0327209,"-33.84946375,151.0327209"
34,-34.3065205,150.9293511,"-34.3065205,150.9293511"
35,-34.30650136,150.9289071,"-34.30650136,150.9289071"
36,-33.0129167,151.5421589,"-33.0129167,151.5421589"
37,-33.01291676,151.5421328,"-33.01291676,151.5421328"
38,-33.01310914,151.5420747,"-33.01310914,151.5420747"
39,-33.94490035,151.140849,"-33.94490035,151.140849"
40,-33.94479129,151.1404987,"-33.94479129,151.1404987"
41,-33.94488347,151.1404482,"-33.94488347,151.1404482"
42,-33.91768635,151.0342697,"-33.91768635,151.0342697"
43,-33.91805216,151.03411,"-33.91805216,151.03411"
44,-33.91778824,151.0337625,"-33.91778824,151.0337625"
45,-33.93137824,151.125379,"-33.93137824,151.125379"
46,-34.29097858,150.5801756,"-34.29097858,150.5801756"
47,-34.29098411,150.5801501,"-34.29098411,150.5801501"
48,-34.29100778,150.5800205,"-34.29100778,150.5800205"
49,-34.29104476,150.5800077,"-34.29104476,150.5800077"
50,-33.74921627,151.0667339,"-33.74921627,151.0667339"
51,-33.74904472,151.0663377,"-33.74904472,151.0663377"
52,-33.74923381,151.0662247,"-33.74923381,151.0662247"
53,-33.5061656,150.2793612,"-33.5061656,150.2793612"
54,-33.50623435,150.2790794,"-33.50623435,150.2790794"
55,-34.36261281,150.9101311,"-34.36261281,150.9101311"
56,-33.91724884,151.0883372,"-33.91724884,151.0883372"
57,-33.91722736,151.0883244,"-33.91722736,151.0883244"
58,-33.8719773,151.0328288,"-33.8719773,151.0328288"
59,-33.87139384,151.0323272,"-33.87139384,151.0323272"
60,-32.79940714,151.6585784,"-32.79940714,151.6585784"
61,-32.79958398,151.658334,"-32.79958398,151.658334"
62,-32.79947121,151.6581617,"-32.79947121,151.6581617"
63,-33.62291449,151.1535638,"-33.62291449,151.1535638"
64,-33.62300205,151.1531421,"-33.62300205,151.1531421"
65,-34.78027342,150.6967235,"-34.78027342,150.6967235"
66,-33.94914069,151.0808676,"-33.94914069,151.0808676"
67,-33.94913026,151.0808291,"-33.94913026,151.0808291"
68,-33.94926254,151.0804784,"-33.94926254,151.0804784"
69,-33.9374812,151.1139261,"-33.9374812,151.1139261"
70,-33.89253644,151.0243134,"-33.89253644,151.0243134"
71,-33.63397248,150.2845903,"-33.63397248,150.2845903"
72,-33.63400546,150.2842535,"-33.63400546,150.2842535"
73,-33.76777702,150.9080196,"-33.76777702,150.9080196"
74,-33.7677336,150.9079689,"-33.7677336,150.9079689"
75,-33.76775412,150.9079614,"-33.76775412,150.9079614"
76,-33.76894183,150.9073054,"-33.76894183,150.9073054"
77,-33.76896727,150.9072963,"-33.76896727,150.9072963"
78,-33.7678292,150.9071472,"-33.7678292,150.9071472"
79,-33.76889928,150.9070828,"-33.76889928,150.9070828"
80,-33.76903303,150.9069899,"-33.76903303,150.9069899"
81,-33.76779802,150.9069245,"-33.76779802,150.9069245"
82,-33.74369934,150.6099627,"-33.74369934,150.6099627"
83,-33.74366205,150.6098058,"-33.74366205,150.6098058"
84,-33.7438036,150.6096862,"-33.7438036,150.6096862"
85,-33.74411767,150.6093887,"-33.74411767,150.6093887"
86,-33.74404944,150.6093287,"-33.74404944,150.6093287"
87,-34.85374494,150.6097702,"-34.85374494,150.6097702"
88,-34.65868669,150.8537686,"-34.65868669,150.8537686"
89,-34.65885576,150.8537564,"-34.65885576,150.8537564"
90,-33.89103017,151.2485965,"-33.89103017,151.2485965"
91,-33.89186986,151.2483663,"-33.89186986,151.2483663"
92,-33.89099409,151.2482086,"-33.89099409,151.2482086"
93,-32.97169903,151.605168,"-32.97169903,151.605168"
94,-32.97190014,151.6047908,"-32.97190014,151.6047908"
95,-34.47792483,150.4169743,"-34.47792483,150.4169743"
96,-34.47763745,150.4167974,"-34.47763745,150.4167974"
97,-34.47841685,150.4165949,"-34.47841685,150.4165949"
98,-34.47837068,150.4165765,"-34.47837068,150.4165765"
99,-34.47827715,150.4163947,"-34.47827715,150.4163947"
100,-34.47822202,150.4163793,"-34.47822202,150.4163793"
101,-32.66221027,151.3459324,"-32.66221027,151.3459324"
102,-32.66209242,151.3455358,"-32.66209242,151.3455358"
103,-32.92269277,151.7354129,"-32.92269277,151.7354129"
104,-32.92216413,151.7352213,"-32.92216413,151.7352213"
105,-32.92289153,151.7350658,"-32.92289153,151.7350658"
106,-32.92236891,151.7349462,"-32.92236891,151.7349462"
107,-33.72351988,150.4152013,"-33.72351988,150.4152013"
108,-33.72316759,150.4149891,"-33.72316759,150.4149891"
109,-34.33384472,150.9150696,"-34.33384472,150.9150696"
110,-34.3338201,150.9149316,"-34.3338201,150.9149316"
111,-34.33428666,150.9149143,"-34.33428666,150.9149143"
112,-34.33433961,150.9146887,"-34.33433961,150.9146887"
113,-34.6557524,150.2997407,"-34.6557524,150.2997407"
114,-34.65604988,150.2995728,"-34.65604988,150.2995728"
115,-34.49418601,150.3981296,"-34.49418601,150.3981296"
116,-34.49418573,150.3978582,"-34.49418573,150.3978582"
117,-33.87704552,151.1038525,"-33.87704552,151.1038525"
118,-33.87718853,151.1038248,"-33.87718853,151.1038248"
119,-33.89464265,150.9391047,"-33.89464265,150.9391047"
120,-33.89480632,150.9390481,"-33.89480632,150.9390481"
121,-33.89459892,150.9388134,"-33.89459892,150.9388134"
122,-33.89494229,150.9387321,"-33.89494229,150.9387321"
123,-33.89510227,150.9386596,"-33.89510227,150.9386596"
124,-33.81918103,151.024141,"-33.81918103,151.024141"
125,-34.06418971,150.8148139,"-34.06418971,150.8148139"
126,-34.06359144,150.8147393,"-34.06359144,150.8147393"
127,-34.06369952,150.8146228,"-34.06369952,150.8146228"
128,-34.06367954,150.8146141,"-34.06367954,150.8146141"
129,-34.06302424,150.8144097,"-34.06302424,150.8144097"
130,-34.06320084,150.8143088,"-34.06320084,150.8143088"
131,-34.06332332,150.8140219,"-34.06332332,150.8140219"
132,-33.91049597,151.103574,"-33.91049597,151.103574"
133,-33.91039285,151.1035577,"-33.91039285,151.1035577"
134,-33.88744308,150.9436897,"-33.88744308,150.9436897"
135,-33.88746282,150.9436297,"-33.88746282,150.9436297"
136,-33.88723441,150.9434805,"-33.88723441,150.9434805"
137,-33.88734662,150.9434198,"-33.88734662,150.9434198"
138,-33.9121163,151.1190137,"-33.9121163,151.1190137"
139,-33.87970841,151.2055584,"-33.87970841,151.2055584"
140,-33.87980415,151.205512,"-33.87980415,151.205512"
141,-32.9412794,151.6628198,"-32.9412794,151.6628198"
142,-32.94145731,151.6623011,"-32.94145731,151.6623011"
143,-32.94140925,151.6622554,"-32.94140925,151.6622554"
144,-34.04162513,151.1219142,"-34.04162513,151.1219142"
145,-34.04157881,151.121856,"-34.04157881,151.121856"
146,-33.78217116,151.047273,"-33.78217116,151.047273"
147,-33.7821273,151.0468442,"-33.7821273,151.0468442"
148,-33.78270924,151.046786,"-33.78270924,151.046786"
149,-33.78287488,151.0466571,"-33.78287488,151.0466571"
150,-33.78304357,151.0463511,"-33.78304357,151.0463511"
151,-33.96842236,151.1245362,"-33.96842236,151.1245362"
152,-33.96801021,151.1243905,"-33.96801021,151.1243905"
153,-33.96846874,151.1243442,"-33.96846874,151.1243442"
154,-33.96809212,151.1242377,"-33.96809212,151.1242377"
155,-33.96798067,151.1241795,"-33.96798067,151.1241795"
156,-33.88476847,150.9607298,"-33.88476847,150.9607298"
157,-33.88431636,150.9605645,"-33.88431636,150.9605645"
158,-33.95004957,150.9121379,"-33.95004957,150.9121379"
159,-33.95035283,150.9120798,"-33.95035283,150.9120798"
160,-33.9501874,150.9117283,"-33.9501874,150.9117283"
161,-33.95036803,150.9117058,"-33.95036803,150.9117058"
162,-33.9503293,150.9116866,"-33.9503293,150.9116866"
163,-33.88352173,151.2079563,"-33.88352173,151.2079563"
164,-33.88371032,151.2078995,"-33.88371032,151.2078995"
165,-33.88378577,151.207862,"-33.88378577,151.207862"
166,-33.88302433,151.2070762,"-33.88302433,151.2070762"
167,-33.8832082,151.2070112,"-33.8832082,151.2070112"
168,-33.88353624,151.2069711,"-33.88353624,151.2069711"
169,-33.88253976,151.2068849,"-33.88253976,151.2068849"
170,-33.88541283,151.2068475,"-33.88541283,151.2068475"
171,-33.88544474,151.206822,"-33.88544474,151.206822"
172,-33.88547844,151.2067901,"-33.88547844,151.2067901"
173,-33.88233009,151.2065038,"-33.88233009,151.2065038"
174,-33.88210298,151.2061254,"-33.88210298,151.2061254"
175,-33.88213747,151.2060987,"-33.88213747,151.2060987"
176,-33.88236674,151.2058136,"-33.88236674,151.2058136"
177,-33.88398512,151.2042663,"-33.88398512,151.2042663"
178,-33.79722746,151.1814421,"-33.79722746,151.1814421"
179,-33.79718558,151.1814287,"-33.79718558,151.1814287"
180,-33.79677523,151.1813805,"-33.79677523,151.1813805"
181,-33.79673649,151.1813641,"-33.79673649,151.1813641"
182,-33.79717607,151.1813031,"-33.79717607,151.1813031"
183,-33.79765173,151.1812637,"-33.79765173,151.1812637"
184,-33.79766719,151.1811813,"-33.79766719,151.1811813"
185,-33.79673526,151.1811761,"-33.79673526,151.1811761"
186,-33.79689881,151.1807121,"-33.79689881,151.1807121"
187,-33.7979301,151.1806933,"-33.7979301,151.1806933"
188,-33.79709534,151.1806738,"-33.79709534,151.1806738"
189,-33.797903,151.180647,"-33.797903,151.180647"
190,-33.79705047,151.1805363,"-33.79705047,151.1805363"
191,-33.79701563,151.1805215,"-33.79701563,151.1805215"
192,-33.75539745,151.0781497,"-33.75539745,151.0781497"
193,-33.75543909,151.0781092,"-33.75543909,151.0781092"
194,-33.88368818,151.0004627,"-33.88368818,151.0004627"
195,-33.86146378,151.2107945,"-33.86146378,151.2107945"
196,-33.86127776,151.2107739,"-33.86127776,151.2107739"
197,-33.86143954,151.2107457,"-33.86143954,151.2107457"
198,-33.86124347,151.2107343,"-33.86124347,151.2107343"
199,-33.86146637,151.2107121,"-33.86146637,151.2107121"
200,-33.86131441,151.2106592,"-33.86131441,151.2106592"
201,-33.86131245,151.2106239,"-33.86131245,151.2106239"
202,-33.86138049,151.2106156,"-33.86138049,151.2106156"
203,-33.86125995,151.2105656,"-33.86125995,151.2105656"
204,-33.86139905,151.2103289,"-33.86139905,151.2103289"
205,-33.60844245,150.7878928,"-33.60844245,150.7878928"
206,-33.60848854,150.787844,"-33.60848854,150.787844"
207,-33.60859421,150.7877637,"-33.60859421,150.7877637"
208,-33.83554673,151.0170387,"-33.83554673,151.0170387"
209,-33.83606198,151.0165639,"-33.83606198,151.0165639"
210,-34.24253571,150.977052,"-34.24253571,150.977052"
211,-32.94246711,151.6244306,"-32.94246711,151.6244306"
212,-32.94287548,151.6238126,"-32.94287548,151.6238126"
213,-34.28989285,150.943031,"-34.28989285,150.943031"
214,-34.00454075,151.0683305,"-34.00454075,151.0683305"
215,-34.00437623,151.068248,"-34.00437623,151.068248"
216,-34.00447157,151.0676891,"-34.00447157,151.0676891"
217,-33.84809272,151.0859526,"-33.84809272,151.0859526"
218,-33.84803171,151.0859019,"-33.84803171,151.0859019"
219,-33.84821375,151.0852126,"-33.84821375,151.0852126"
220,-33.84808986,151.0851995,"-33.84808986,151.0851995"
221,-33.84795404,151.0851904,"-33.84795404,151.0851904"
222,-34.43823905,150.8851205,"-34.43823905,150.8851205"
223,-34.43796566,150.884845,"-34.43796566,150.884845"
224,-33.87286403,151.1981517,"-33.87286403,151.1981517"
225,-34.37549456,150.9051489,"-34.37549456,150.9051489"
226,-34.37567312,150.9048905,"-34.37567312,150.9048905"
227,-33.59298034,151.171638,"-33.59298034,151.171638"
228,-33.5937893,151.1715651,"-33.5937893,151.1715651"
229,-34.46708061,150.8799583,"-34.46708061,150.8799583"
230,-34.46737362,150.8782723,"-34.46737362,150.8782723"
231,-34.05684046,151.1517217,"-34.05684046,151.1517217"
232,-34.05572731,151.1515991,"-34.05572731,151.1515991"
233,-34.05535773,151.1514348,"-34.05535773,151.1514348"
234,-33.88283666,151.1155154,"-33.88283666,151.1155154"
235,-33.8831857,151.1150828,"-33.8831857,151.1150828"
236,-34.4923588,150.7922224,"-34.4923588,150.7922224"
237,-34.49307785,150.7918339,"-34.49307785,150.7918339"
238,-34.49348285,150.7914602,"-34.49348285,150.7914602"
239,-34.493435,150.7913065,"-34.493435,150.7913065"
240,-33.79951928,151.0867539,"-33.79951928,151.0867539"
241,-33.93362671,151.1805736,"-33.93362671,151.1805736"
242,-33.93356911,151.1805681,"-33.93356911,151.1805681"
243,-33.93400809,151.1801419,"-33.93400809,151.1801419"
244,-33.93400343,151.1801133,"-33.93400343,151.1801133"
245,-33.93398698,151.1800496,"-33.93398698,151.1800496"
246,-33.76401541,150.8692816,"-33.76401541,150.8692816"
247,-33.76362795,150.8692347,"-33.76362795,150.8692347"
248,-33.0838231,151.5010419,"-33.0838231,151.5010419"
249,-33.08411433,151.5008644,"-33.08411433,151.5008644"
250,-33.08402158,151.500698,"-33.08402158,151.500698"
251,-34.18323382,150.7105466,"-34.18323382,150.7105466"
252,-34.18330344,150.7105388,"-34.18330344,150.7105388"
253,-33.904761,151.1390021,"-33.904761,151.1390021"
254,-33.9047721,151.1389753,"-33.9047721,151.1389753"
255,-33.9106718,151.1405847,"-33.9106718,151.1405847"
256,-33.9106266,151.1405558,"-33.9106266,151.1405558"
257,-33.80402698,151.0331103,"-33.80402698,151.0331103"
258,-33.80388354,151.0329178,"-33.80388354,151.0329178"
259,-33.80389499,151.0328954,"-33.80389499,151.0328954"
260,-33.80339752,151.032467,"-33.80339752,151.032467"
261,-32.40255754,151.759385,"-32.40255754,151.759385"
262,-32.40249309,151.759251,"-32.40249309,151.759251"
263,-33.96201112,150.9847269,"-33.96201112,150.9847269"
264,-33.96157358,150.9844493,"-33.96157358,150.9844493"
265,-33.96164228,150.9843435,"-33.96164228,150.9843435"
266,-33.96173087,150.9842552,"-33.96173087,150.9842552"
267,-32.74457268,151.5874741,"-32.74457268,151.5874741"
268,-33.60180319,150.7588294,"-33.60180319,150.7588294"
269,-33.6017457,150.7587291,"-33.6017457,150.7587291"
270,-33.78992993,151.0826671,"-33.78992993,151.0826671"
271,-33.79041058,151.0826361,"-33.79041058,151.0826361"
272,-33.79017064,151.0825639,"-33.79017064,151.0825639"
273,-33.79014905,151.0820022,"-33.79014905,151.0820022"
274,-33.79014802,151.0819726,"-33.79014802,151.0819726"
275,-33.87893677,151.236154,"-33.87893677,151.236154"
276,-33.96930476,150.8588642,"-33.96930476,150.8588642"
277,-33.96936246,150.8588449,"-33.96936246,150.8588449"
278,-33.74577768,150.6714125,"-33.74577768,150.6714125"
279,-33.74552422,150.6713807,"-33.74552422,150.6713807"
280,-33.74582701,150.6713326,"-33.74582701,150.6713326"
281,-33.74565742,150.6712836,"-33.74565742,150.6712836"
282,-34.06753979,151.0148428,"-34.06753979,151.0148428"
283,-34.06719539,151.0147353,"-34.06719539,151.0147353"
284,-34.06776904,151.0146815,"-34.06776904,151.0146815"
285,-34.06738183,151.0145516,"-34.06738183,151.0145516"
286,-33.77254801,151.0822785,"-33.77254801,151.0822785"
287,-33.77284112,151.0818724,"-33.77284112,151.0818724"
288,-33.77265225,151.0818045,"-33.77265225,151.0818045"
289,-33.77291584,151.0816408,"-33.77291584,151.0816408"
290,-33.77272037,151.0815679,"-33.77272037,151.0815679"
291,-33.90005302,151.1855565,"-33.90005302,151.1855565"
292,-34.61346677,150.3177998,"-34.61346677,150.3177998"
293,-34.61337723,150.3173592,"-34.61337723,150.3173592"
294,-33.87677819,151.1994751,"-33.87677819,151.1994751"
295,-33.87678771,151.1992504,"-33.87678771,151.1992504"
296,-33.87255271,150.957049,"-33.87255271,150.957049"
297,-33.87250991,150.9570068,"-33.87250991,150.9570068"
298,-33.87228222,150.9568998,"-33.87228222,150.9568998"
299,-33.87238918,150.9568642,"-33.87238918,150.9568642"
300,-33.87264464,150.9568189,"-33.87264464,150.9568189"
301,-33.87249718,150.956712,"-33.87249718,150.956712"
302,-34.39509691,150.8965771,"-34.39509691,150.8965771"
303,-34.39505996,150.8964522,"-34.39505996,150.8964522"
304,-32.98567466,151.5812081,"-32.98567466,151.5812081"
305,-32.98568106,151.5811753,"-32.98568106,151.5811753"
306,-32.98557663,151.5808417,"-32.98557663,151.5808417"
307,-33.69681647,150.5349352,"-33.69681647,150.5349352"
308,-33.69678014,150.5349261,"-33.69678014,150.5349261"
309,-33.69654047,150.534819,"-33.69654047,150.534819"
310,-33.69633199,150.534567,"-33.69633199,150.534567"
311,-33.69636984,150.5344309,"-33.69636984,150.5344309"
312,-33.87046367,151.1921783,"-33.87046367,151.1921783"
313,-33.87076898,151.1916529,"-33.87076898,151.1916529"
314,-33.86515478,151.0706765,"-33.86515478,151.0706765"
315,-33.86389281,151.0702391,"-33.86389281,151.0702391"
316,-34.74477882,150.8176504,"-34.74477882,150.8176504"
317,-33.87707686,151.1875647,"-33.87707686,151.1875647"
318,-33.87729496,151.187253,"-33.87729496,151.187253"
319,-33.76902646,150.6212638,"-33.76902646,150.6212638"
320,-33.97207776,150.8935775,"-33.97207776,150.8935775"
321,-33.97173912,150.893269,"-33.97173912,150.893269"
322,-33.97228674,150.8932557,"-33.97228674,150.8932557"
323,-33.97183034,150.8931736,"-33.97183034,150.8931736"
324,-33.9724757,150.8931251,"-33.9724757,150.8931251"
325,-33.75598413,151.1548641,"-33.75598413,151.1548641"
326,-33.75535054,151.154396,"-33.75535054,151.154396"
327,-33.75612016,151.1541758,"-33.75612016,151.1541758"
328,-33.75596499,151.1540965,"-33.75596499,151.1540965"
329,-33.75568255,151.1539778,"-33.75568255,151.1539778"
330,-33.42348002,151.3419443,"-33.42348002,151.3419443"
331,-33.42348165,151.341911,"-33.42348165,151.341911"
332,-33.4233302,151.3414142,"-33.4233302,151.3414142"
333,-33.42338314,151.3414013,"-33.42338314,151.3414013"
334,-34.75901982,149.7205882,"-34.75901982,149.7205882"
335,-34.75812698,149.7192494,"-34.75812698,149.7192494"
336,-33.8327767,151.0114916,"-33.8327767,151.0114916"
337,-33.83290042,151.0114055,"-33.83290042,151.0114055"
338,-33.90596608,151.2030771,"-33.90596608,151.2030771"
339,-33.90581837,151.2030314,"-33.90581837,151.2030314"
340,-33.90627864,151.2026934,"-33.90627864,151.2026934"
341,-33.90621492,151.2025402,"-33.90621492,151.2025402"
342,-32.68678796,151.384282,"-32.68678796,151.384282"
343,-32.68667582,151.3840538,"-32.68667582,151.3840538"
344,-33.854233,150.9846821,"-33.854233,150.9846821"
345,-33.8538226,150.984647,"-33.8538226,150.984647"
346,-33.85444912,150.9845955,"-33.85444912,150.9845955"
347,-33.85456824,150.9844866,"-33.85456824,150.9844866"
348,-33.85416769,150.9844037,"-33.85416769,150.9844037"
349,-33.85425733,150.9843285,"-33.85425733,150.9843285"
350,-33.85433088,150.9842777,"-33.85433088,150.9842777"
351,-33.85449232,150.984227,"-33.85449232,150.984227"
352,-34.03490791,151.0852082,"-34.03490791,151.0852082"
353,-34.03487034,151.0851825,"-34.03487034,151.0851825"
354,-32.91802537,151.7485113,"-32.91802537,151.7485113"
355,-32.9185304,151.7483975,"-32.9185304,151.7483975"
356,-32.91838537,151.7482699,"-32.91838537,151.7482699"
357,-32.91841859,151.7482552,"-32.91841859,151.7482552"
358,-33.82335758,151.0079326,"-33.82335758,151.0079326"
359,-33.82326239,151.0074636,"-33.82326239,151.0074636"
360,-33.54700863,151.2267151,"-33.54700863,151.2267151"
361,-33.54710145,151.2265988,"-33.54710145,151.2265988"
362,-33.87958216,151.1475502,"-33.87958216,151.1475502"
363,-33.8795003,151.1471067,"-33.8795003,151.1471067"
364,-33.72353033,150.454573,"-33.72353033,150.454573"
365,-33.72308654,150.454017,"-33.72308654,150.454017"
366,-33.72367342,150.4539673,"-33.72367342,150.4539673"
367,-34.08792484,151.0084291,"-34.08792484,151.0084291"
368,-34.08793975,151.0084144,"-34.08793975,151.0084144"
369,-34.0877856,151.008298,"-34.0877856,151.008298"
370,-34.08780235,151.0082859,"-34.08780235,151.0082859"
371,-34.17718912,150.9942468,"-34.17718912,150.9942468"
372,-34.17714736,150.9940859,"-34.17714736,150.9940859"
373,-32.8287522,151.68432,"-32.8287522,151.68432"
374,-32.7413273,151.5644242,"-32.7413273,151.5644242"
375,-32.74197207,151.5641955,"-32.74197207,151.5641955"
376,-32.50448435,151.649805,"-32.50448435,151.649805"
377,-33.96292706,150.9565045,"-33.96292706,150.9565045"
378,-33.96297936,150.9564564,"-33.96297936,150.9564564"
379,-33.96282915,150.9563519,"-33.96282915,150.9563519"
380,-33.86641951,151.0864214,"-33.86641951,151.0864214"
381,-33.866968,151.0861075,"-33.866968,151.0861075"
382,-33.8669269,151.0860951,"-33.8669269,151.0860951"
383,-33.703839,151.099774,"-33.703839,151.099774"
384,-33.70355385,151.0988427,"-33.70355385,151.0988427"
385,-33.70356981,151.0988312,"-33.70356981,151.0988312"
386,-33.70373548,151.0987466,"-33.70373548,151.0987466"
387,-33.70347962,151.0980916,"-33.70347962,151.0980916"
388,-33.91105837,151.1411463,"-33.91105837,151.1411463"
389,-33.91018981,151.1325419,"-33.91018981,151.1325419"
390,-33.96703441,151.1028477,"-33.96703441,151.1028477"
391,-33.96768463,151.102359,"-33.96768463,151.102359"
392,-33.96763205,151.1022885,"-33.96763205,151.1022885"
393,-33.96651714,151.1019021,"-33.96651714,151.1019021"
394,-33.99743831,150.8648758,"-33.99743831,150.8648758"
395,-33.99760206,150.8646186,"-33.99760206,150.8646186"
396,-33.9978895,150.8643778,"-33.9978895,150.8643778"
397,-33.99742169,150.8643133,"-33.99742169,150.8643133"
398,-33.99757653,150.8640104,"-33.99757653,150.8640104"
399,-33.93518102,151.166541,"-33.93518102,151.166541"
400,-33.93520792,151.1664707,"-33.93520792,151.1664707"
401,-33.93519882,151.1664469,"-33.93519882,151.1664469"
402,-34.01609101,151.0648408,"-34.01609101,151.0648408"
403,-34.0158836,151.0647566,"-34.0158836,151.0647566"
404,-34.01599453,151.0643704,"-34.01599453,151.0643704"
405,-33.86726224,151.1924304,"-33.86726224,151.1924304"
406,-33.86716237,151.192075,"-33.86716237,151.192075"
407,-33.87532035,151.1786149,"-33.87532035,151.1786149"
408,-33.87533885,151.1785977,"-33.87533885,151.1785977"
409,-33.87556013,151.1783683,"-33.87556013,151.1783683"
410,-33.71194806,150.3121686,"-33.71194806,150.3121686"
411,-33.71227605,150.3121389,"-33.71227605,150.3121389"
412,-33.7122822,150.3119825,"-33.7122822,150.3119825"
413,-33.71225211,150.3117845,"-33.71225211,150.3117845"
414,-34.47012644,150.8177961,"-34.47012644,150.8177961"
415,-34.67259919,150.8543663,"-34.67259919,150.8543663"
416,-33.76569485,151.1620999,"-33.76569485,151.1620999"
417,-33.76585281,151.1617973,"-33.76585281,151.1617973"
418,-33.87403189,151.2225037,"-33.87403189,151.2225037"
419,-33.87426901,151.2222047,"-33.87426901,151.2222047"
420,-33.87423751,151.2221958,"-33.87423751,151.2221958"
421,-33.94037591,151.1010846,"-33.94037591,151.1010846"
422,-33.94048039,151.100874,"-33.94048039,151.100874"
423,-33.94045759,151.1008569,"-33.94045759,151.1008569"
424,-33.75823391,150.7202398,"-33.75823391,150.7202398"
425,-33.75842616,150.720233,"-33.75842616,150.720233"
426,-33.75823344,150.7201166,"-33.75823344,150.7201166"
427,-33.75836745,150.720071,"-33.75836745,150.720071"
428,-34.03491126,151.0710203,"-34.03491126,151.0710203"
429,-33.96279661,151.1326915,"-33.96279661,151.1326915"
430,-33.9627467,151.1326877,"-33.9627467,151.1326877"
431,-33.96260526,151.1322014,"-33.96260526,151.1322014"
432,-33.96264352,151.1321917,"-33.96264352,151.1321917"
433,-33.96268807,151.1321451,"-33.96268807,151.1321451"
434,-33.96279569,151.1321022,"-33.96279569,151.1321022"
435,-33.46613312,151.3184763,"-33.46613312,151.3184763"
436,-33.46614412,151.3183699,"-33.46614412,151.3183699"
437,-32.94176982,151.6980592,"-32.94176982,151.6980592"
438,-32.94136917,151.6974634,"-32.94136917,151.6974634"
439,-33.92010158,151.0763703,"-33.92010158,151.0763703"
440,-33.91988075,151.0762517,"-33.91988075,151.0762517"
441,-33.919759,151.0761338,"-33.919759,151.0761338"
442,-33.77327862,150.6426352,"-33.77327862,150.6426352"
443,-33.77355931,150.6426108,"-33.77355931,150.6426108"
444,-33.71950783,150.4304172,"-33.71950783,150.4304172"
445,-33.71914265,150.4300609,"-33.71914265,150.4300609"
446,-33.7189722,150.4296065,"-33.7189722,150.4296065"
447,-33.71943599,150.4294992,"-33.71943599,150.4294992"
448,-33.87498002,151.1550356,"-33.87498002,151.1550356"
449,-33.87499429,151.1550175,"-33.87499429,151.1550175"
450,-33.874998,151.1535804,"-33.874998,151.1535804"
451,-33.88189412,150.9851028,"-33.88189412,150.9851028"
452,-33.88126383,150.984962,"-33.88126383,150.984962"
453,-33.95443956,150.8082668,"-33.95443956,150.8082668"
454,-33.95451545,150.8082463,"-33.95451545,150.8082463"
455,-34.05067487,150.8308056,"-34.05067487,150.8308056"
456,-34.05031272,150.8307679,"-34.05031272,150.8307679"
457,-34.05080184,150.8307251,"-34.05080184,150.8307251"
458,-34.05081332,150.8307025,"-34.05081332,150.8307025"
459,-34.05089506,150.830574,"-34.05089506,150.830574"
460,-34.0504822,150.8305609,"-34.0504822,150.8305609"
461,-34.05102916,150.8304338,"-34.05102916,150.8304338"
462,-33.71212061,150.3311289,"-33.71212061,150.3311289"
463,-33.8931095,151.1475983,"-33.8931095,151.1475983"
464,-33.8936359,151.1475441,"-33.8936359,151.1475441"
465,-33.89385044,151.1434623,"-33.89385044,151.1434623"
466,-33.8937862,151.1433429,"-33.8937862,151.1433429"
467,-33.86353155,151.0450641,"-33.86353155,151.0450641"
468,-33.86346008,151.0447924,"-33.86346008,151.0447924"
469,-33.86386973,151.0446447,"-33.86386973,151.0446447"
470,-33.86386787,151.0446069,"-33.86386787,151.0446069"
471,-33.86338085,151.0445549,"-33.86338085,151.0445549"
472,-33.863756,151.044279,"-33.863756,151.044279"
473,-33.87419537,151.1648238,"-33.87419537,151.1648238"
474,-33.87411594,151.1647681,"-33.87411594,151.1647681"
475,-33.71533075,150.5053218,"-33.71533075,150.5053218"
476,-33.71474436,150.5043663,"-33.71474436,150.5043663"
477,-33.77565442,151.1695097,"-33.77565442,151.1695097"
478,-33.77528844,151.1693856,"-33.77528844,151.1693856"
479,-33.77526721,151.1693706,"-33.77526721,151.1693706"
480,-33.77595464,151.1693,"-33.77595464,151.1693"
481,-33.77508734,151.1692302,"-33.77508734,151.1692302"
482,-33.77573861,151.1691075,"-33.77573861,151.1691075"
483,-33.77570298,151.1690761,"-33.77570298,151.1690761"
484,-33.38218451,151.3701793,"-33.38218451,151.3701793"
485,-33.38219289,151.3701652,"-33.38219289,151.3701652"
486,-33.38207165,151.3700848,"-33.38207165,151.3700848"
487,-33.38205966,151.3700717,"-33.38205966,151.3700717"
488,-33.48092585,150.156929,"-33.48092585,150.156929"
489,-33.48051667,150.1567066,"-33.48051667,150.1567066"
490,-33.92314617,150.927698,"-33.92314617,150.927698"
491,-33.92438493,150.9269976,"-33.92438493,150.9269976"
492,-33.92430468,150.9269377,"-33.92430468,150.9269377"
493,-32.72048397,151.450531,"-32.72048397,151.450531"
494,-32.72039462,151.4504811,"-32.72039462,151.4504811"
495,-34.04499976,151.0513888,"-34.04499976,151.0513888"
496,-34.04545425,151.0512098,"-34.04545425,151.0512098"
497,-34.4548118,150.8752141,"-34.4548118,150.8752141"
498,-34.07249292,150.7974781,"-34.07249292,150.7974781"
499,-34.07221782,150.7973884,"-34.07221782,150.7973884"
500,-34.07255383,150.7971598,"-34.07255383,150.7971598"
501,-34.0722662,150.7970753,"-34.0722662,150.7970753"
502,-33.89679186,151.1853862,"-33.89679186,151.1853862"
503,-33.98484292,150.8790781,"-33.98484292,150.8790781"
504,-33.98496652,150.8789376,"-33.98496652,150.8789376"
505,-33.78544457,151.128497,"-33.78544457,151.128497"
506,-33.78536823,151.1284456,"-33.78536823,151.1284456"
507,-33.78507899,151.1280042,"-33.78507899,151.1280042"
508,-33.78506256,151.1279791,"-33.78506256,151.1279791"
509,-33.77743582,151.1184713,"-33.77743582,151.1184713"
510,-33.7774169,151.1184131,"-33.7774169,151.1184131"
511,-33.77721132,151.1181043,"-33.77721132,151.1181043"
512,-33.77716806,151.1180933,"-33.77716806,151.1180933"
513,-32.73774765,151.552236,"-32.73774765,151.552236"
514,-33.74622068,150.9003117,"-33.74622068,150.9003117"
515,-33.74601717,150.9003098,"-33.74601717,150.9003098"
516,-33.7462306,150.9000471,"-33.7462306,150.9000471"
517,-33.74602227,150.9000423,"-33.74602227,150.9000423"
518,-33.8839155,151.1449963,"-33.8839155,151.1449963"
519,-33.9139756,151.153316,"-33.9139756,151.153316"
520,-33.91375714,151.1532248,"-33.91375714,151.1532248"
521,-33.91378174,151.1531819,"-33.91378174,151.1531819"
522,-33.91383568,151.1531518,"-33.91383568,151.1531518"
523,-33.91386322,151.1531385,"-33.91386322,151.1531385"
524,-33.86796254,151.2116241,"-33.86796254,151.2116241"
525,-33.8677258,151.211419,"-33.8677258,151.211419"
526,-33.867961,151.2113556,"-33.867961,151.2113556"
527,-33.86770938,151.2108281,"-33.86770938,151.2108281"
528,-33.86794917,151.2105119,"-33.86794917,151.2105119"
529,-33.86773095,151.2102046,"-33.86773095,151.2102046"
530,-32.55848164,151.618412,"-32.55848164,151.618412"
531,-34.7095012,150.0056778,"-34.7095012,150.0056778"
532,-34.70959939,150.0056691,"-34.70959939,150.0056691"
533,-33.92315955,151.1873924,"-33.92315955,151.1873924"
534,-33.92315812,151.1873628,"-33.92315812,151.1873628"
535,-33.92336325,151.1873396,"-33.92336325,151.1873396"
536,-33.81566979,151.0902245,"-33.81566979,151.0902245"
537,-33.81579505,151.0902088,"-33.81579505,151.0902088"
538,-33.81562759,151.0899398,"-33.81562759,151.0899398"
539,-33.81555584,151.089916,"-33.81555584,151.089916"
540,-33.67465401,150.2811412,"-33.67465401,150.2811412"
541,-33.67295305,150.2803919,"-33.67295305,150.2803919"
542,-34.12539404,150.7441804,"-34.12539404,150.7441804"
543,-34.12585573,150.7440669,"-34.12585573,150.7440669"
544,-34.10338167,150.7450798,"-34.10338167,150.7450798"
545,-34.10338507,150.7449509,"-34.10338507,150.7449509"
546,-33.83669532,150.9926698,"-33.83669532,150.9926698"
547,-33.83631419,150.9926662,"-33.83631419,150.9926662"
548,-33.83680598,150.9925619,"-33.83680598,150.9925619"
549,-33.83690608,150.9923757,"-33.83690608,150.9923757"
550,-33.83694829,150.992327,"-33.83694829,150.992327"
551,-33.83658243,150.9922814,"-33.83658243,150.9922814"
552,-33.83679089,150.992228,"-33.83679089,150.992228"
553,-33.83671583,150.9921634,"-33.83671583,150.9921634"
554,-33.83715442,150.992075,"-33.83715442,150.992075"
555,-33.83685144,150.9920152,"-33.83685144,150.9920152"
556,-33.83705075,150.9918377,"-33.83705075,150.9918377"
557,-32.76547854,151.6182929,"-32.76547854,151.6182929"
558,-32.76536099,151.6181329,"-32.76536099,151.6181329"
559,-33.84579562,151.212403,"-33.84579562,151.212403"
560,-33.84594618,151.2117195,"-33.84594618,151.2117195"
561,-32.66835055,151.5845537,"-32.66835055,151.5845537"
562,-34.62633044,150.8530098,"-34.62633044,150.8530098"
563,-34.02750455,150.8426006,"-34.02750455,150.8426006"
564,-34.02764472,150.8425642,"-34.02764472,150.8425642"
565,-34.02776996,150.8425506,"-34.02776996,150.8425506"
566,-34.02722065,150.8423272,"-34.02722065,150.8423272"
567,-34.0274664,150.842237,"-34.0274664,150.842237"
568,-34.02769333,150.8422318,"-34.02769333,150.8422318"
569,-34.036075,151.1019708,"-34.036075,151.1019708"
570,-34.4526389,150.4483852,"-34.4526389,150.4483852"
571,-34.45240354,150.4483624,"-34.45240354,150.4483624"
572,-33.10903664,151.4882907,"-33.10903664,151.4882907"
573,-33.1090292,151.4882497,"-33.1090292,151.4882497"
574,-33.10883807,151.4881562,"-33.10883807,151.4881562"
575,-33.10907961,151.4881539,"-33.10907961,151.4881539"
576,-33.10893132,151.48806,"-33.10893132,151.48806"
577,-33.10895092,151.4878847,"-33.10895092,151.4878847"
578,-33.97112283,151.0810841,"-33.97112283,151.0810841"
579,-33.97123984,151.081009,"-33.97123984,151.081009"
580,-33.97104094,151.0808798,"-33.97104094,151.0808798"
581,-33.97116587,151.0808093,"-33.97116587,151.0808093"
582,-34.54838916,150.372103,"-34.54838916,150.372103"
583,-34.54759291,150.3718707,"-34.54759291,150.3718707"
584,-33.67129214,151.1150982,"-33.67129214,151.1150982"
585,-33.76905662,150.8203218,"-33.76905662,150.8203218"
586,-33.76888448,150.8203141,"-33.76888448,150.8203141"
587,-33.76903287,150.8201866,"-33.76903287,150.8201866"
588,-33.76940294,150.820177,"-33.76940294,150.820177"
589,-33.76977783,150.8201693,"-33.76977783,150.8201693"
590,-33.76941054,150.8201425,"-33.76941054,150.8201425"
591,-33.7699575,150.8201085,"-33.7699575,150.8201085"
592,-33.76975925,150.819919,"-33.76975925,150.819919"
593,-33.76885586,150.8198575,"-33.76885586,150.8198575"
594,-33.76903298,150.8197793,"-33.76903298,150.8197793"
595,-33.76883389,150.8195934,"-33.76883389,150.8195934"
596,-33.65382765,151.1370126,"-33.65382765,151.1370126"
597,-33.65382377,151.1369886,"-33.65382377,151.1369886"
598,-33.65376948,151.1365683,"-33.65376948,151.1365683"
599,-33.5882678,150.257054,"-33.5882678,150.257054"
600,-33.58817529,150.256825,"-33.58817529,150.256825"
601,-33.62649899,150.8298983,"-33.62649899,150.8298983"
602,-33.87493423,151.2098618,"-33.87493423,151.2098618"
603,-33.87691361,151.209825,"-33.87691361,151.209825"
604,-33.87652945,151.2098063,"-33.87652945,151.2098063"
605,-33.87659188,151.2097343,"-33.87659188,151.2097343"
606,-33.87482734,151.209529,"-33.87482734,151.209529"
607,-33.87671276,151.2092181,"-33.87671276,151.2092181"
608,-33.87669845,151.2091949,"-33.87669845,151.2091949"
609,-32.26744191,150.890863,"-32.26744191,150.890863"
610,-32.26758584,150.8908038,"-32.26758584,150.8908038"
611,-32.26742612,150.8904619,"-32.26742612,150.8904619"
612,-33.39478142,151.3445536,"-33.39478142,151.3445536"
613,-33.39459444,151.3444334,"-33.39459444,151.3444334"
614,-33.39460601,151.3444151,"-33.39460601,151.3444151"
615,-33.9475007,151.0707991,"-33.9475007,151.0707991"
616,-33.94783139,151.0706442,"-33.94783139,151.0706442"
617,-32.92412867,151.7598672,"-32.92412867,151.7598672"
618,-32.92443205,151.7596352,"-32.92443205,151.7596352"
619,-32.9239171,151.7593884,"-32.9239171,151.7593884"
620,-32.92445674,151.7589509,"-32.92445674,151.7589509"
621,-33.89794821,151.1788919,"-33.89794821,151.1788919"
622,-33.89787696,151.1788814,"-33.89787696,151.1788814"
623,-33.38322824,151.3545729,"-33.38322824,151.3545729"
624,-33.3830702,151.3544041,"-33.3830702,151.3544041"
625,-33.72090894,151.0971516,"-33.72090894,151.0971516"
626,-33.72064788,151.0969021,"-33.72064788,151.0969021"
627,-33.79455215,151.1379256,"-33.79455215,151.1379256"
628,-33.79451462,151.1379238,"-33.79451462,151.1379238"
629,-33.85916251,151.0885013,"-33.85916251,151.0885013"
630,-33.8597069,151.0882075,"-33.8597069,151.0882075"
631,-33.84102219,151.2074984,"-33.84102219,151.2074984"
632,-33.84100344,151.2073747,"-33.84100344,151.2073747"
633,-34.41235075,150.891562,"-34.41235075,150.891562"
634,-34.41211824,150.8915599,"-34.41211824,150.8915599"
635,-34.41211138,150.8915284,"-34.41211138,150.8915284"
636,-34.41208516,150.8913613,"-34.41208516,150.8913613"
637,-34.41208744,150.8913264,"-34.41208744,150.8913264"
638,-34.41230685,150.8912482,"-34.41230685,150.8912482"
639,-33.85755734,151.0873986,"-33.85755734,151.0873986"
640,-34.57198187,150.8206117,"-34.57198187,150.8206117"
641,-34.57188882,150.8204536,"-34.57188882,150.8204536"
642,-34.57173048,150.8202085,"-34.57173048,150.8202085"
643,-33.98022837,151.0792926,"-33.98022837,151.0792926"
644,-33.98000494,151.0789686,"-33.98000494,151.0789686"
645,-33.980259,151.0787615,"-33.980259,151.0787615"
646,-33.8461115,151.070683,"-33.8461115,151.070683"
647,-33.84647873,151.0702876,"-33.84647873,151.0702876"
648,-33.84608649,151.0700814,"-33.84608649,151.0700814"
649,-33.84656636,151.0700461,"-33.84656636,151.0700461"
650,-33.84617394,151.0698287,"-33.84617394,151.0698287"
651,-33.84670627,151.0695564,"-33.84670627,151.0695564"
652,-33.84634363,151.0694956,"-33.84634363,151.0694956"
653,-33.84678557,151.0694563,"-33.84678557,151.0694563"
654,-33.84639347,151.0693911,"-33.84639347,151.0693911"
655,-33.84639439,151.0692489,"-33.84639439,151.0692489"
656,-33.84686907,151.0692157,"-33.84686907,151.0692157"
657,-33.84647994,151.0690066,"-33.84647994,151.0690066"
658,-33.84698401,151.0682717,"-33.84698401,151.0682717"
659,-34.21052602,151.0059083,"-34.21052602,151.0059083"
660,-34.21072283,151.0055213,"-34.21072283,151.0055213"
661,-34.21109272,151.0055047,"-34.21109272,151.0055047"
662,-33.35965695,151.3702768,"-33.35965695,151.3702768"
663,-33.35955493,151.3701089,"-33.35955493,151.3701089"
664,-33.35969505,151.3697508,"-33.35969505,151.3697508"
665,-33.35937321,151.3697352,"-33.35937321,151.3697352"
666,-33.87925467,151.2027407,"-33.87925467,151.2027407"
667,-33.87933704,151.2026206,"-33.87933704,151.2026206"
668,-33.95168459,151.0323447,"-33.95168459,151.0323447"
669,-33.9520945,151.0320242,"-33.9520945,151.0320242"
670,-33.95176466,151.0319792,"-33.95176466,151.0319792"
671,-33.95200543,151.0319661,"-33.95200543,151.0319661"
672,-33.95170664,151.0319304,"-33.95170664,151.0319304"
673,-33.95413352,150.9982975,"-33.95413352,150.9982975"
674,-33.95440402,150.998267,"-33.95440402,150.998267"
675,-33.8178785,151.0063215,"-33.8178785,151.0063215"
676,-33.81823772,151.0059293,"-33.81823772,151.0059293"
677,-33.81819896,151.0058847,"-33.81819896,151.0058847"
678,-33.81753109,151.005003,"-33.81753109,151.005003"
679,-33.81707893,151.0049168,"-33.81707893,151.0049168"
680,-33.81737628,151.0046956,"-33.81737628,151.0046956"
681,-33.81698089,151.0046804,"-33.81698089,151.0046804"
682,-33.81757268,151.0045096,"-33.81757268,151.0045096"
683,-33.8172046,151.0044433,"-33.8172046,151.0044433"
684,-32.60237058,151.6147645,"-32.60237058,151.6147645"
685,-33.80167682,150.9570035,"-33.80167682,150.9570035"
686,-33.80127175,150.956549,"-33.80127175,150.956549"
687,-33.80135205,150.9559293,"-33.80135205,150.9559293"
688,-33.80130891,150.9558506,"-33.80130891,150.9558506"
689,-33.7379301,151.0727775,"-33.7379301,151.0727775"
690,-33.73795586,151.0726265,"-33.73795586,151.0726265"
691,-33.73771583,151.0726063,"-33.73771583,151.0726063"
692,-33.73772306,151.0725732,"-33.73772306,151.0725732"
693,-33.73816108,151.0725647,"-33.73816108,151.0725647"
694,-33.73786579,151.0724987,"-33.73786579,151.0724987"
695,-33.74985862,150.6965761,"-33.74985862,150.6965761"
696,-33.74985115,150.6965045,"-33.74985115,150.6965045"
697,-33.75029054,150.6964713,"-33.75029054,150.6964713"
698,-33.75028162,150.6964333,"-33.75028162,150.6964333"
699,-33.75018886,150.6961967,"-33.75018886,150.6961967"
700,-34.67230549,150.2122744,"-34.67230549,150.2122744"
701,-34.6721605,150.212086,"-34.6721605,150.212086"
702,-33.96608121,151.0888374,"-33.96608121,151.0888374"
703,-33.96633248,151.088801,"-33.96633248,151.088801"
704,-33.96631991,151.0887138,"-33.96631991,151.0887138"
705,-33.96609707,151.0886682,"-33.96609707,151.0886682"
706,-33.89402275,151.1557675,"-33.89402275,151.1557675"
707,-33.8936064,151.1555418,"-33.8936064,151.1555418"
708,-34.17964863,150.612881,"-34.17964863,150.612881"
709,-34.17927875,150.6127309,"-34.17927875,150.6127309"
710,-34.17968277,150.6127042,"-34.17968277,150.6127042"
711,-34.17921166,150.6126647,"-34.17921166,150.6126647"
712,-33.44630072,151.3285267,"-33.44630072,151.3285267"
713,-33.44618258,151.3282641,"-33.44618258,151.3282641"
714,-33.44621399,151.3282199,"-33.44621399,151.3282199"
715,-34.47718852,150.9028567,"-34.47718852,150.9028567"
716,-34.47297995,150.8873269,"-34.47297995,150.8873269"
717,-34.47312925,150.8870415,"-34.47312925,150.8870415"
718,-33.92525226,151.0555798,"-33.92525226,151.0555798"
719,-33.92556758,151.0555716,"-33.92556758,151.0555716"
720,-33.74463831,151.1422732,"-33.74463831,151.1422732"
721,-33.74498339,151.1421989,"-33.74498339,151.1421989"
722,-33.869535,151.197707,"-33.869535,151.197707"
723,-33.72731055,150.886272,"-33.72731055,150.886272"
724,-33.72721559,150.8862174,"-33.72721559,150.8862174"
725,-33.72743142,150.8860389,"-33.72743142,150.8860389"
726,-33.72721417,150.8858872,"-33.72721417,150.8858872"
727,-33.8920298,151.1995113,"-33.8920298,151.1995113"
728,-33.891563,151.198824,"-33.891563,151.198824"
729,-33.89270463,151.1981812,"-33.89270463,151.1981812"
730,-33.8833513,151.0241784,"-33.8833513,151.0241784"
731,-33.88311577,151.0237932,"-33.88311577,151.0237932"
732,-33.88324672,151.0237008,"-33.88324672,151.0237008"
733,-33.95270727,151.0154862,"-33.95270727,151.0154862"
734,-33.95235886,151.0153198,"-33.95235886,151.0153198"
735,-33.95231174,151.0152774,"-33.95231174,151.0152774"
736,-33.95273626,151.0152327,"-33.95273626,151.0152327"
737,-33.83067679,151.0872367,"-33.83067679,151.0872367"
738,-33.83064963,151.0872234,"-33.83064963,151.0872234"
739,-33.83045691,151.0868768,"-33.83045691,151.0868768"
740,-33.83064015,151.0868216,"-33.83064015,151.0868216"
741,-33.59877109,150.7523098,"-33.59877109,150.7523098"
742,-33.5988545,150.7522539,"-33.5988545,150.7522539"
743,-33.67976814,150.860729,"-33.67976814,150.860729"
744,-33.67985685,150.8605208,"-33.67985685,150.8605208"
745,-33.67905167,150.8604401,"-33.67905167,150.8604401"
746,-33.9514708,151.0525622,"-33.9514708,151.0525622"
747,-33.95160087,151.0525497,"-33.95160087,151.0525497"
748,-33.9523035,151.1369871,"-33.9523035,151.1369871"
749,-33.95248742,151.1368614,"-33.95248742,151.1368614"
750,-33.95258099,151.1368441,"-33.95258099,151.1368441"
751,-33.95191037,151.1364413,"-33.95191037,151.1364413"
752,-33.95221004,151.1362805,"-33.95221004,151.1362805"
753,-33.77188219,150.8444618,"-33.77188219,150.8444618"
754,-33.7714864,150.8442846,"-33.7714864,150.8442846"
755,-33.77201339,150.844247,"-33.77201339,150.844247"
756,-33.77124814,150.8438721,"-33.77124814,150.8438721"
757,-33.82303843,151.0222311,"-33.82303843,151.0222311"
758,-33.82322002,151.0222102,"-33.82322002,151.0222102"
759,-33.82308432,151.0218152,"-33.82308432,151.0218152"
760,-33.78434859,151.1778664,"-33.78434859,151.1778664"
761,-33.7846798,151.177749,"-33.7846798,151.177749"
762,-33.87185725,151.1729488,"-33.87185725,151.1729488"
763,-33.8719533,151.1729143,"-33.8719533,151.1729143"
764,-33.8717488,151.1728699,"-33.8717488,151.1728699"
765,-33.81015641,151.0294797,"-33.81015641,151.0294797"
766,-32.87279417,151.7028016,"-32.87279417,151.7028016"
767,-34.2656783,150.9654965,"-34.2656783,150.9654965"
768,-34.26551615,150.9651941,"-34.26551615,150.9651941"
769,-33.70483553,150.8742383,"-33.70483553,150.8742383"
770,-33.7044383,150.8740174,"-33.7044383,150.8740174"
771,-33.70418713,150.8739328,"-33.70418713,150.8739328"
772,-33.70454498,150.8736108,"-33.70454498,150.8736108"
773,-33.7043178,150.8735269,"-33.7043178,150.8735269"
774,-32.04670656,150.8670728,"-32.04670656,150.8670728"
775,-33.88516272,151.0118417,"-33.88516272,151.0118417"
776,-33.88549648,151.0117978,"-33.88549648,151.0117978"
777,-33.88516069,151.0116714,"-33.88516069,151.0116714"
778,-33.88543207,151.0116221,"-33.88543207,151.0116221"
779,-33.77410577,150.9361911,"-33.77410577,150.9361911"
780,-33.77455756,150.9361722,"-33.77455756,150.9361722"
781,-33.77407161,150.9360893,"-33.77407161,150.9360893"
782,-33.77410285,150.9359253,"-33.77410285,150.9359253"
783,-33.77452,150.935432,"-33.77452,150.935432"
784,-34.59125149,150.8448185,"-34.59125149,150.8448185"
785,-34.5913074,150.8448018,"-34.5913074,150.8448018"
786,-34.59122591,150.8446697,"-34.59122591,150.8446697"
787,-34.59128718,150.8446519,"-34.59128718,150.8446519"
788,-32.57196082,151.1656827,"-32.57196082,151.1656827"
789,-32.5718537,151.1655409,"-32.5718537,151.1655409"
790,-32.57183342,151.1654861,"-32.57183342,151.1654861"
791,-33.69918984,150.5636973,"-33.69918984,150.5636973"
792,-33.69936145,150.5635226,"-33.69936145,150.5635226"
793,-33.69896475,150.5633045,"-33.69896475,150.5633045"
794,-33.86992775,151.2114985,"-33.86992775,151.2114985"
795,-33.87003326,151.2112893,"-33.87003326,151.2112893"
796,-33.870678,151.2104842,"-33.870678,151.2104842"
797,-33.87074951,151.2104486,"-33.87074951,151.2104486"
798,-33.82224634,151.1947629,"-33.82224634,151.1947629"
799,-33.82222391,151.1947607,"-33.82222391,151.1947607"
800,-33.82232319,151.1936479,"-33.82232319,151.1936479"
801,-33.82231649,151.1936088,"-33.82231649,151.1936088"
802,-33.82246257,151.1934322,"-33.82246257,151.1934322"
803,-33.82243079,151.1933676,"-33.82243079,151.1933676"
804,-33.76189765,150.7751589,"-33.76189765,150.7751589"
805,-33.76235089,150.7750575,"-33.76235089,150.7750575"
806,-33.76188001,150.7749259,"-33.76188001,150.7749259"
807,-33.76231824,150.774872,"-33.76231824,150.774872"
808,-33.90745391,151.1808612,"-33.90745391,151.1808612"
809,-33.90694267,151.1806495,"-33.90694267,151.1806495"
810,-33.89416485,151.1642047,"-33.89416485,151.1642047"
811,-33.89467603,151.1641571,"-33.89467603,151.1641571"
812,-34.22618328,150.9812344,"-34.22618328,150.9812344"
813,-34.22614425,150.9810046,"-34.22614425,150.9810046"
814,-33.87146835,151.0946037,"-33.87146835,151.0946037"
815,-33.87134403,151.0944811,"-33.87134403,151.0944811"
816,-33.87220808,151.0942838,"-33.87220808,151.0942838"
817,-33.87185964,151.0938299,"-33.87185964,151.0938299"
818,-33.8901592,151.1389449,"-33.8901592,151.1389449"
819,-33.89053286,151.1389072,"-33.89053286,151.1389072"
820,-33.89010644,151.1387528,"-33.89010644,151.1387528"
821,-33.89044157,151.1386413,"-33.89044157,151.1386413"
822,-33.89043171,151.1386155,"-33.89043171,151.1386155"
823,-34.0315702,151.0574323,"-34.0315702,151.0574323"
824,-34.0315567,151.0573425,"-34.0315567,151.0573425"
825,-34.03183438,151.0569098,"-34.03183438,151.0569098"
826,-33.91491191,151.1661011,"-33.91491191,151.1661011"
827,-33.9148634,151.1660472,"-33.9148634,151.1660472"
828,-34.22358755,150.5902412,"-34.22358755,150.5902412"
829,-34.22346581,150.5898308,"-34.22346581,150.5898308"
830,-34.71837568,150.0860928,"-34.71837568,150.0860928"
831,-32.80882092,151.6694636,"-32.80882092,151.6694636"
832,-32.80889516,151.6693728,"-32.80889516,151.6693728"
833,-33.45083997,151.3188156,"-33.45083997,151.3188156"
834,-33.45088295,151.318787,"-33.45088295,151.318787"
835,-33.45077303,151.3187403,"-33.45077303,151.3187403"
836,-33.45094989,151.3183448,"-33.45094989,151.3183448"
837,-33.8895669,151.145176,"-33.8895669,151.145176"
838,-33.88990657,151.1451041,"-33.88990657,151.1451041"
839,-33.88963067,151.1450837,"-33.88963067,151.1450837"
840,-33.8898685,151.1450731,"-33.8898685,151.1450731"
841,-32.72323179,151.5398951,"-32.72323179,151.5398951"
842,-32.72337822,151.5398859,"-32.72337822,151.5398859"
843,-33.79400629,151.041781,"-33.79400629,151.041781"
844,-33.79424948,151.0415241,"-33.79424948,151.0415241"
845,-33.7945703,151.0413839,"-33.7945703,151.0413839"
846,-33.79402152,151.0412637,"-33.79402152,151.0412637"
847,-33.79411509,151.0411954,"-33.79411509,151.0411954"
848,-33.92369195,151.1567982,"-33.92369195,151.1567982"
849,-33.92394727,151.15675,"-33.92394727,151.15675"
850,-33.92358032,151.1564713,"-33.92358032,151.1564713"
851,-33.92389629,151.1563979,"-33.92389629,151.1563979"
852,-32.96276877,151.60415,"-32.96276877,151.60415"
853,-32.962727,151.6039263,"-32.962727,151.6039263"
854,-32.96216248,151.6036419,"-32.96216248,151.6036419"
855,-33.8672709,151.1957096,"-33.8672709,151.1957096"
856,-34.31786015,150.9193757,"-34.31786015,150.9193757"
857,-34.31799787,150.9192528,"-34.31799787,150.9192528"
858,-34.31788392,150.918865,"-34.31788392,150.918865"
859,-34.31795869,150.9188517,"-34.31795869,150.9188517"
860,-33.73207901,151.0783738,"-33.73207901,151.0783738"
861,-33.73211866,151.0783327,"-33.73211866,151.0783327"
862,-33.73180916,151.0781183,"-33.73180916,151.0781183"
863,-32.78357334,151.6399935,"-32.78357334,151.6399935"
864,-32.78356119,151.6399551,"-32.78356119,151.6399551"
865,-33.78699939,150.9516071,"-33.78699939,150.9516071"
866,-33.78714281,150.9511669,"-33.78714281,150.9511669"
867,-33.87317129,151.2071252,"-33.87317129,151.2071252"
868,-33.87357692,151.2070647,"-33.87357692,151.2070647"
869,-33.87389408,151.2070208,"-33.87389408,151.2070208"
870,-33.87394872,151.2070088,"-33.87394872,151.2070088"
871,-33.87324335,151.2067182,"-33.87324335,151.2067182"
872,-33.87300204,151.2066961,"-33.87300204,151.2066961"
873,-33.87416617,151.2066678,"-33.87416617,151.2066678"
874,-33.87370422,151.206619,"-33.87370422,151.206619"
875,-33.87346213,151.2056759,"-33.87346213,151.2056759"
876,-34.38408404,150.9016675,"-34.38408404,150.9016675"
877,-34.38412652,150.9013586,"-34.38412652,150.9013586"
878,-33.3077456,151.4204201,"-33.3077456,151.4204201"
879,-33.30747496,151.4200755,"-33.30747496,151.4200755"
880,-33.30767799,151.4200382,"-33.30767799,151.4200382"
881,-33.73258953,151.1290978,"-33.73258953,151.1290978"
882,-33.73287787,151.128659,"-33.73287787,151.128659"
883,-33.92977422,151.1404283,"-33.92977422,151.1404283"
884,-34.45512841,150.8460834,"-34.45512841,150.8460834"
885,-34.45480327,150.8454954,"-34.45480327,150.8454954"
886,-33.70388256,150.5840807,"-33.70388256,150.5840807"
887,-33.70385585,150.5840194,"-33.70385585,150.5840194"
888,-33.70414867,150.5836892,"-33.70414867,150.5836892"
889,-32.75096544,151.5941378,"-32.75096544,151.5941378"
890,-32.7511242,151.5937962,"-32.7511242,151.5937962"
891,-33.88092102,150.9773626,"-33.88092102,150.9773626"
892,-33.88074082,150.9773471,"-33.88074082,150.9773471"
893,-33.65018802,150.851063,"-33.65018802,150.851063"
894,-33.71800187,151.1175185,"-33.71800187,151.1175185"
895,-33.71028639,151.105246,"-33.71028639,151.105246"
896,-33.71065655,151.1049153,"-33.71065655,151.1049153"
897,-32.49615032,151.6956921,"-32.49615032,151.6956921"
898,-32.88698384,151.7111872,"-32.88698384,151.7111872"
899,-32.88848678,151.709521,"-32.88848678,151.709521"
900,-32.90210317,151.731215,"-32.90210317,151.731215"
901,-32.902354,151.7310238,"-32.902354,151.7310238"
902,-33.8989622,151.140003,"-33.8989622,151.140003"
903,-33.8988126,151.1398647,"-33.8988126,151.1398647"
904,-33.2473843,151.4491366,"-33.2473843,151.4491366"
905,-33.24713278,151.4488456,"-33.24713278,151.4488456"
906,-33.72439373,151.1220398,"-33.72439373,151.1220398"
907,-33.72454128,151.1217229,"-33.72454128,151.1217229"
908,-33.72132609,150.6029511,"-33.72132609,150.6029511"
909,-33.721589,150.6027819,"-33.721589,150.6027819"
910,-33.7215927,150.6027681,"-33.7215927,150.6027681"
911,-33.72206858,150.602657,"-33.72206858,150.602657"
912,-33.72204408,150.6025654,"-33.72204408,150.6025654"
913,-33.91318088,150.9353246,"-33.91318088,150.9353246"
914,-33.91340518,150.9352764,"-33.91340518,150.9352764"
915,-33.91324659,150.9349959,"-33.91324659,150.9349959"
916,-33.91347354,150.9349611,"-33.91347354,150.9349611"
917,-34.13517267,150.994605,"-34.13517267,150.994605"
918,-33.83756728,151.1974683,"-33.83756728,151.1974683"
919,-33.83761043,151.1973366,"-33.83761043,151.1973366"
920,-33.70932977,150.3764898,"-33.70932977,150.3764898"
921,-33.70952535,150.3761198,"-33.70952535,150.3761198"
922,-33.8742417,151.1940945,"-33.8742417,151.1940945"
923,-33.87506758,151.1935385,"-33.87506758,151.1935385"
924,-33.80686889,150.9725242,"-33.80686889,150.9725242"
925,-33.80725292,150.972304,"-33.80725292,150.972304"
926,-33.80667668,150.971932,"-33.80667668,150.971932"
927,-33.80706875,150.9718275,"-33.80706875,150.9718275"
928,-33.7590496,150.7575668,"-33.7590496,150.7575668"
929,-33.75924963,150.7575314,"-33.75924963,150.7575314"
930,-33.75903757,150.7574454,"-33.75903757,150.7574454"
931,-33.75920751,150.7574014,"-33.75920751,150.7574014"
932,-33.80746637,151.0905793,"-33.80746637,151.0905793"
933,-33.80747159,151.0904036,"-33.80747159,151.0904036"
934,-33.80687546,151.0901576,"-33.80687546,151.0901576"
935,-33.80704425,151.0900831,"-33.80704425,151.0900831"
936,-33.8074677,151.0899608,"-33.8074677,151.0899608"
937,-33.80836116,150.9881873,"-33.80836116,150.9881873"
938,-33.80870858,150.9878707,"-33.80870858,150.9878707"
939,-33.80819002,150.9877158,"-33.80819002,150.9877158"
940,-33.80864182,150.9876577,"-33.80864182,150.9876577"
941,-33.92278182,151.0680626,"-33.92278182,151.0680626"
942,-33.92270486,151.0680185,"-33.92270486,151.0680185"
943,-33.61362381,150.8111058,"-33.61362381,150.8111058"
944,-33.61292723,150.8090296,"-33.61292723,150.8090296"
945,-34.69233579,150.1583818,"-34.69233579,150.1583818"
946,-34.69201661,150.1582058,"-34.69201661,150.1582058"
947,-32.46292679,151.7424687,"-32.46292679,151.7424687"
948,-33.92867126,151.1544432,"-33.92867126,151.1544432"
949,-33.92868435,151.1543587,"-33.92868435,151.1543587"
950,-33.92884985,151.1538917,"-33.92884985,151.1538917"
951,-33.92882963,151.153842,"-33.92882963,151.153842"
952,-34.42582725,150.8886385,"-34.42582725,150.8886385"
953,-34.42673344,150.8885596,"-34.42673344,150.8885596"
954,-34.42698795,150.8884363,"-34.42698795,150.8884363"
955,-34.42645671,150.8884344,"-34.42645671,150.8884344"
956,-34.42642506,150.8882201,"-34.42642506,150.8882201"
957,-34.42587253,150.8882123,"-34.42587253,150.8882123"
958,-34.42720865,150.8879475,"-34.42720865,150.8879475"
959,-34.42679193,150.8878175,"-34.42679193,150.8878175"
960,-33.8315907,151.1925953,"-33.8315907,151.1925953"
961,-33.83245952,151.1921823,"-33.83245952,151.1921823"
962,-33.8326745,151.1917926,"-33.8326745,151.1917926"
963,-33.831467429999996,151.1915732,"-33.831467429999996,151.1915732"
964,-34.27545316,150.9536753,"-34.27545316,150.9536753"
965,-34.27530416,150.9535083,"-34.27530416,150.9535083"
966,-33.49202131,151.2571482,"-33.49202131,151.2571482"
967,-33.7357511,150.4821963,"-33.7357511,150.4821963"
968,-33.73546893,150.4818417,"-33.73546893,150.4818417"
969,-33.73526715,150.4808855,"-33.73526715,150.4808855"
970,-34.04741225,151.1437622,"-34.04741225,151.1437622"
971,-34.04744884,151.1437013,"-34.04744884,151.1437013"
972,-34.04769831,151.1436487,"-34.04769831,151.1436487"
973,-34.04765603,151.1435849,"-34.04765603,151.1435849"
974,-34.34939351,150.9153897,"-34.34939351,150.9153897"
975,-34.34956158,150.91536,"-34.34956158,150.91536"
976,-34.34932926,150.9151104,"-34.34932926,150.9151104"
977,-33.48597397,151.324352,"-33.48597397,151.324352"
978,-33.48527377,151.3237255,"-33.48527377,151.3237255"
979,-33.48585711,151.3233847,"-33.48585711,151.3233847"
980,-33.48597825,151.3232156,"-33.48597825,151.3232156"
981,-33.17984054,151.48724,"-33.17984054,151.48724"
982,-33.180164,151.4868566,"-33.180164,151.4868566"
983,-33.86553906,151.2063145,"-33.86553906,151.2063145"
984,-33.86583394,151.2062822,"-33.86583394,151.2062822"
985,-33.86572268,151.206269,"-33.86572268,151.206269"
986,-33.86570502,151.2061027,"-33.86570502,151.2061027"
987,-33.86566282,151.2059726,"-33.86566282,151.2059726"
988,-33.86575654,151.2059633,"-33.86575654,151.2059633"
989,-33.86560119,151.2055201,"-33.86560119,151.2055201"
990,-33.86445369,151.2053161,"-33.86445369,151.2053161"
991,-33.86572968,151.2050799,"-33.86572968,151.2050799"
992,-33.86564376,151.2050042,"-33.86564376,151.2050042"
993,-33.86562889,151.2048,"-33.86562889,151.2048"
994,-33.86524696,151.20397,"-33.86524696,151.20397"
995,-33.86534132,151.203967,"-33.86534132,151.203967"
996,-33.28508373,151.4255992,"-33.28508373,151.4255992"
997,-33.2853325,151.4255494,"-33.2853325,151.4255494"
998,-33.28524935,151.4252208,"-33.28524935,151.4252208"
999,-33.2853225,151.4251587,"-33.2853225,151.4251587"
1000,-33.90733106,151.0246767,"-33.90733106,151.0246767"
1001,-33.86488282,150.97104,"-33.86488282,150.97104"
1002,-33.86462082,150.9709456,"-33.86462082,150.9709456"
1003,-33.86498836,150.9708084,"-33.86498836,150.9708084"
1004,-33.86502912,150.9707162,"-33.86502912,150.9707162"
1005,-34.37159251,150.5434481,"-34.37159251,150.5434481"
1006,-33.47184198,150.2021194,"-33.47184198,150.2021194"
